{
  "0.0": {
    "unique_tracks": 39,
    "coverage_pct": 0.12137433088509897,
    "entropy_nats": 0.11769548618342195,
    "norm_entropy": 0.011341292677127779,
    "top10_pct": 99.86295894478387,
    "top100_pct": 100.0,
    "gini": 0.9460474050778396,
    "n_positions": 35026
  },
  "0.05": {
    "unique_tracks": 21,
    "coverage_pct": 0.06535540893813022,
    "entropy_nats": 0.08336664580541418,
    "norm_entropy": 0.008033320225349696,
    "top10_pct": 99.96573973619597,
    "top100_pct": 100.0,
    "gini": 0.9026219978084308,
    "n_positions": 35026
  },
  "0.1": {
    "unique_tracks": 21,
    "coverage_pct": 0.06535540893813022,
    "entropy_nats": 0.10818838572343932,
    "norm_entropy": 0.01042517590558496,
    "top10_pct": 99.95146462627761,
    "top100_pct": 100.0,
    "gini": 0.9018525014071179,
    "n_positions": 35026
  },
  "0.2": {
    "unique_tracks": 17,
    "coverage_pct": 0.052906759616581596,
    "entropy_nats": 0.10392089379942211,
    "norm_entropy": 0.010013954740891087,
    "top10_pct": 99.97430480214697,
    "top100_pct": 100.0,
    "gini": 0.8792795939822854,
    "n_positions": 35026
  },
  "0.5": {
    "unique_tracks": 39,
    "coverage_pct": 0.12137433088509897,
    "entropy_nats": 0.12379622260480648,
    "norm_entropy": 0.011929167705683301,
    "top10_pct": 99.86581396676755,
    "top100_pct": 100.0,
    "gini": 0.9459112424909262,
    "n_positions": 35026
  },
  "1.0": {
    "unique_tracks": 24,
    "coverage_pct": 0.07469189592929168,
    "entropy_nats": 0.049903803562446857,
    "norm_entropy": 0.004808796498971616,
    "top10_pct": 99.96002969222863,
    "top100_pct": 100.0,
    "gini": 0.915262947524696,
    "n_positions": 35026
  },
  "2.0": {
    "unique_tracks": 107,
    "coverage_pct": 0.3330013693514254,
    "entropy_nats": 0.15816602245181524,
    "norm_entropy": 0.01524108706605494,
    "top10_pct": 99.20630388853994,
    "top100_pct": 99.98001484611432,
    "gini": 0.9754596185156981,
    "n_positions": 35026
  },
  "5.0": {
    "unique_tracks": 902,
    "coverage_pct": 2.807170422009212,
    "entropy_nats": 0.6876388590487318,
    "norm_entropy": 0.06626178972134936,
    "top10_pct": 93.65899617427054,
    "top100_pct": 95.73745217838177,
    "gini": 0.9604570592665848,
    "n_positions": 35026
  },
  "10.0": {
    "unique_tracks": 1183,
    "coverage_pct": 3.6816880368480023,
    "entropy_nats": 0.8886588873817809,
    "norm_entropy": 0.08563234545988162,
    "top10_pct": 91.80037686290184,
    "top100_pct": 94.02729401016387,
    "gini": 0.9501876615844701,
    "n_positions": 35026
  },
  "15.0": {
    "unique_tracks": 1617,
    "coverage_pct": 5.032366488236026,
    "entropy_nats": 1.3244542898719518,
    "norm_entropy": 0.1276261666951764,
    "top10_pct": 87.57779934905498,
    "top100_pct": 90.72974361902587,
    "gini": 0.9307108588050909,
    "n_positions": 35026
  },
  "20.0": {
    "unique_tracks": 3028,
    "coverage_pct": 9.4236275364123,
    "entropy_nats": 2.6381244302170277,
    "norm_entropy": 0.25421315848208487,
    "top10_pct": 74.11066065208702,
    "top100_pct": 79.06983383772055,
    "gini": 0.8668379466138798,
    "n_positions": 35026
  },
  "25.0": {
    "unique_tracks": 5132,
    "coverage_pct": 15.971617079546869,
    "entropy_nats": 3.6893575755871524,
    "norm_entropy": 0.35551137441332187,
    "top10_pct": 63.43287843316393,
    "top100_pct": 67.4042140124479,
    "gini": 0.796417962133819,
    "n_positions": 35026
  },
  "50.0": {
    "unique_tracks": 11064,
    "coverage_pct": 34.432964023403464,
    "entropy_nats": 6.8415921310855605,
    "norm_entropy": 0.6592648643742552,
    "top10_pct": 31.136869753897106,
    "top100_pct": 35.048249871524014,
    "gini": 0.5939088054369197,
    "n_positions": 35026
  }
}